header_name,price,price_for_m2
3 pokojowe mieszkanie w super lokalizacji Gdyni.,519000,9792
Klimatyczne mieszkanie z wysokimi sufitami(ok 3m)!,594000,11000
Sprzedam mieszkanie 2 pokoje 50 m2 Gdynia Dąbrowa,555000,11190
Mieszkanie dwupokojowe z 32 metrowym tarasem!,499000,11659
NOWA NIŻSZA CENA. Gdynia. Stolarską. Od zaraz.,260000,13830
Babie Doły 2pokoje po remoncie z widokiem na morze,597000,12978
"Gdynia Obłuże 2 pokoje 50,8 po kapitalnym remoncie",516000,10157
Urokliwa kawalerka z kominkiem w Gdyni Śródmieście,315000,14397
Mieszkanie 2-pokojowe idealne pod wynajem,579000,15149
Mieszkanie 3 pokojowe z przepięknym widokiem !!!,549000,9150
3 pokojowe mieszkanie w super lokalizacji Gdyni.,519000,9792
Klimatyczne mieszkanie z wysokimi sufitami(ok 3m)!,594000,11000
"3 pokoje, winda, parking, widok na port i las",499000,10933
"Mieszkanie Gdynia, Pogórze os.Beauforta.",523000,12251
Przestronne mieszkanie blisko centrum,599000,11093
"3 pokojowe mieszkanie z balkonem, po remoncie",499000,10967
Gotowe na najem. 5 pokoi. Do wejścia,589000,9500
Złap szansę zanim wejdzie kredyt 0%,599000,10716
"Sprzedam mieszkanie 1-pok, Gdynia Płyta Redłowska",415000,16275
Mieszkanie 3 pokojowe z balkonem do remontu!,509000,8427
Mieszkanie - Gdynia Witomino,445000,11867
Dwa Pokoje | Parter | Blisko do SKM,445000,11108
Mieszkanie do generalnego remontu!,385000,11575
Gdynia Chylonia - 3 pokojowe mieszkanie,599000,11196
Mieszkanie w śródmieściu Gdyni.,519000,11904
"Ciche, po remoncie, 300m do Pkm ,15min. do Centrum",559000,10352
Zainwestuj w Gdyni,399000,7433
Kup i mieszkaj za darmo!,399000,7249
Przytulne i ciche z widokiem na zieleń- Gdynia,515000,11908
Kawalerka 30 m2 blisko morza w nowym budownictwie!,440000,14667
"Idealna komunikacja, do zamieszkania.",485000,10275
Mieszkanie M2 bezpośrednio Dąbrowa,489000,10128
2 pokojowe mieszkanie w super cenie !!,399000,9243
Kawalerka w centrum Gdyni,510000,15455
Dwa pokoje przy skm,363000,11000
"Mieszkanie na sprzedaż, Gdynia",539900,8997
"Gdynia Wielki Kack ul Myśliwska, 2 pok + garderoba",599000,13311
Pustki Cisowskiego! 3 pokoje! 2 piętro! Okazja!,595000,9443
Bespośrednio | 2pok | SKM | Wysoki standard |,497000,13079
